,Last Name,First Name,Affiliation,Author ID,ORCID,Research Areas,Warning
0,Aartsma,Pieter,,,,,no authors found with criteria
1,Abu,Ozotu,,,,,no authors found with criteria
2,Adam,Trudy Jean,,,,,no authors found with criteria
3,Adams,Leona,,,,,no authors found with criteria
4,Adeshina,Adetokunbo,,,,,no authors found with criteria
5,Afridi,Qasim,,,,,no authors found with criteria
6,Agafonov,Marina,,,,,no authors found with criteria
7,Agbahovbe,Onome,,,,,no authors found with criteria
8,Agboji,Hezekiah,,,,,no authors found with criteria
9,Agranovich,Eugene,,,,,no authors found with criteria
10,Ainsworth,Nick,,,,,no authors found with criteria
11,Ainsworth,Geoffrey,,,,,no authors found with criteria
12,Allen,Katie,BC​ Children​'​​s Hospital,57858657800,,MEDI (1); PSYC (1),
13,Allibhai,Fatima,,,,,no authors found with criteria
14,Almas,Naveed,,,,,no authors found with criteria
15,Amarjothi Nagendran,Sreedharan,,,,,no authors found with criteria
16,Anderson,Cameron M.,The University of British Columbia,55453388200,,NEUR (3); MEDI (1),
17,Argouarch,Sylvie,,,,,no authors found with criteria
18,Armstrong,Kimberly,,,,,no authors found with criteria
19,Austin,Jehannine C.,"University of British Columbia, Faculty of Medicine",7402093250,0000-0003-0338-7055,MEDI (264); BIOC (47); NEUR (37),
20,Awe,Ayodeji,,,,,no authors found with criteria
21,Aydin,Cristina M.,The University of British Columbia,15130612300,,MEDI (4); BIOC (1),
22,Azarbar,Ataa,The University of British Columbia,57193737040,,MEDI (2); PSYC (1); NEUR (1),
23,Azim,Hassan F.A.,The University of British Columbia,6701805069,,MEDI (35); PSYC (25); SOCI (2),
24,Baer,Susan,The University of British Columbia,7005865403,,PHYS (23); MEDI (15); CHEM (12),
25,Bailey,Anthony J.,"University of British Columbia, Faculty of Medicine",7402596134,,MEDI (129); NEUR (62); PSYC (53),
26,Bains,Ramnique,,,,,no authors found with criteria
27,Ballance,Dina,,,,,no authors found with criteria
28,Banno,Brian,British Columbia Cancer Agency,25227722500,,BIOC (2); PHAR (2); AGRI (1),
29,Barale,Anthony,,,,,no authors found with criteria
30,Barley,Jennifer,,,,,no authors found with criteria
31,Bates,Alan Thomas,"University of British Columbia, Faculty of Medicine",7102492953,,MEDI (51); NEUR (21); PSYC (18),
32,Batke,Adrienne,,,,,no authors found with criteria
33,Bayat,Negar,,,,,no authors found with criteria
34,Beasley,Clare Louise,The University of British Columbia,7102979717,0000-0001-5919-7838,MEDI (52); NEUR (49); BIOC (18),
35,Beauchemin,Lyne,,,,,no authors found with criteria
36,Beaumont,Charl,,,,,no authors found with criteria
37,Benning,Tony B.,"University of British Columbia, Faculty of Medicine",57212434003,,MEDI (22); PSYC (8); SOCI (5),
38,Bergen,Dorothea,,,,,no authors found with criteria
39,Bhalla,Rishi K.,Vancouver General Hospital,8743293100,,MEDI (27); PSYC (6); NEUR (6),
40,Bhatia,Niti,,,,,no authors found with criteria
41,Bilsker,Dan,"University of British Columbia, Faculty of Medicine",57203574310,,MEDI (28); PSYC (3); NURS (2),
42,Biradar,Apparao,,,,,no authors found with criteria
43,Birkholz,Kristina,,,,,no authors found with criteria
44,Birlik,Muzumel,,,,,no authors found with criteria
45,Birmingham,Carl Laird,The University of British Columbia,7005293592,0000-0003-4331-2664,MEDI (205); PSYC (77); AGRI (29),
46,Black,Tyler R.,"University of British Columbia, Faculty of Medicine",56603764900,,MEDI (24); PSYC (1); MULT (1),
47,Blackburn,Paul,The University of British Columbia,57193806244,,MEDI (3),
48,Blashko,Christopher,,,,,no authors found with criteria
49,Blignaut,Johann,,,,,no authors found with criteria
50,Bond,David J.,The University of British Columbia,14055349400,0000-0002-8713-7311,MEDI (149); NEUR (45); PSYC (27),
51,Borowska,Anna,,,,,no authors found with criteria
52,Bosc,Anastasia,,,,,no authors found with criteria
53,Bosley,Laurence,,,,,no authors found with criteria
54,Bossé-Chartier,Gabrielle,"University of British Columbia, Faculty of Medicine",57221873401,,MEDI (8); PSYC (2); ARTS (1),
55,Bota,Melissa,,,,,no authors found with criteria
56,Boudreau,Ainsley M.,BC​ Children​'​​s Hospital,35387416500,,MEDI (5); PSYC (5),
57,Boulding,Rachel,,,,,no authors found with criteria
58,Bourque,Marie Claire,,,,,no authors found with criteria
59,Bow,Simon,,,,,no authors found with criteria
60,Bozorg,Shaghayegh,,,,,no authors found with criteria
61,Breitman,Deanne,,,,,no authors found with criteria
62,Brennan,Naomi,,,,,no authors found with criteria
63,Brink,Justinus,,,,,no authors found with criteria
64,Broadway,Lauren,,,,,no authors found with criteria
65,Bronkhorst,Aletta,The University of British Columbia,56270019700,,MEDI (4),
66,Brost,Philip,,,,,no authors found with criteria
67,Broster,Brett S.,The University of British Columbia,6603832176,,NEUR (5); PSYC (3),
68,Brown,Craig E.,The University of British Columbia,7408311558,,NEUR (28); MEDI (27); BIOC (14),
69,Burns,Kyle D.,The University of British Columbia,55392034400,,PHAR (1); MEDI (1),
70,Burns,Amy M.N.,The University of British Columbia,56221914700,,MEDI (10); NEUR (4); NURS (1),
71,Burrell,Erin,"University of British Columbia, Faculty of Medicine",57201586576,,MEDI (9); ENVI (2); NURS (2),
72,Burton,Hannah,"University of British Columbia, Faculty of Medicine",57241027600,,MEDI (2),
73,Butterfield,Michael,"University of British Columbia, Faculty of Medicine",57201589127,,MEDI (10); BIOC (2); NEUR (2),
74,Calhoun,Laura,,,,,no authors found with criteria
75,Cameron,Kristjana,"University of British Columbia, Faculty of Medicine",55644251500,,MEDI (2); PSYC (1); NURS (1),
76,Campbell,Diane Paula,,,,,no authors found with criteria
77,Campbell,Helen,The University of British Columbia,57196812991,,MEDI (5),
78,Carlson,Marie,"GF Strong Rehabilitation Centre, British Columbia",57193092175,,MEDI (3); HEAL (1),
79,Carrion,Prescilla B.,"University of British Columbia, Faculty of Medicine",55760664000,,MEDI (23); BIOC (4); PSYC (3),
80,Carter,Arthur,,,,,no authors found with criteria
81,Caruncho,Hector,,,,,no authors found with criteria
82,Casagrande,Magdalena,,,,,no authors found with criteria
83,Casey,Janel,,,,,no authors found with criteria
84,Catchpole,Rosalind E.H.,The University of British Columbia,57210221841,,PSYC (6); MEDI (6); SOCI (1),
85,Catton,Kristen,,,,,no authors found with criteria
86,Ceresney,Maureen,,,,,no authors found with criteria
87,Chakrabarty,Trisha,"University of British Columbia, Faculty of Medicine",56521302100,,MEDI (82); NEUR (15); PSYC (7),
88,Chakraborty,Tapash Apu,"University of British Columbia, Faculty of Medicine",57751102400,,MEDI (1); MULT (1),
89,Champagne,Marilyn,,,,,no authors found with criteria
90,Chan,Ryan M.,The University of British Columbia,57202308391,,MEDI (2),
91,Chapman,Laura,The University of British Columbia,36481002500,,PSYC (2); MEDI (1),
92,Chauhan,Harpreet,"St. Paul's Hospital, Vancouver",57224143174,,MEDI (2),
93,Cheek,Joanna,The University of British Columbia,55651125300,,MEDI (10); PSYC (3); ENGI (1),
94,Chernick,Grant,,,,,no authors found with criteria
95,Chete,Edwin,,,,,no authors found with criteria
96,Chetty,Unita,,,,,no authors found with criteria
97,Cheung,Pierre,,,,,no authors found with criteria
98,Cheung,Bennett Sw,"University of British Columbia, Faculty of Medicine",57907977000,,MEDI (1); PSYC (1),
99,Chhabra,Mehtaab,,,,,no authors found with criteria
100,Chin,Danielle,,,,,no authors found with criteria
101,Cho,Brian,The University of British Columbia,56834980000,,BIOC (5); MEDI (2); PHAR (1),
102,Cho,Caroline,,,,,no authors found with criteria
103,Chodkiewicz,Adam,UBC Hospital,53872376600,,MEDI (2),
104,Choong,Wee Kei,,,,,no authors found with criteria
105,Chow,Bryan,The University of British Columbia,36914706000,,MEDI (7),
106,Chowdhury,Sheehan H.,The University of British Columbia,57189730735,,MEDI (3),
107,Claman,Jeffery M.,UBC Hospital,9042835100,,MEDI (6); NEUR (1),
108,Clark,Campbell M.,The University of British Columbia,35480697600,,MEDI (111); NEUR (90); PSYC (64),
109,Clarke,Lorne Andrew,BC Children's Hospital Research Institute,7201975122,0000-0003-0512-7281,MEDI (147); BIOC (125); MATH (5),
110,Coelho,Jennifer S.,"University of British Columbia, Faculty of Medicine",15026048700,0000-0001-9907-8067,MEDI (57); PSYC (40); NURS (16),
111,Cohen,Jordan,The University of British Columbia,58123561900,,MEDI (2),
112,Cojocaru,Alice,,,,,no authors found with criteria
113,Collins,Nelson,,,,,no authors found with criteria
114,Comeau,Jennifer,,,,,no authors found with criteria
115,Comeau,Kent,,,,,no authors found with criteria
116,Comey,Rob,,,,,no authors found with criteria
117,Cooper,Michael,The University of British Columbia,56502812400,,PSYC (1); MEDI (1); SOCI (1),
118,Cooper,Barry S.,The University of British Columbia,9336058100,,MEDI (21); PSYC (20); SOCI (9),
119,Corbyn,Bryony R.,The University of British Columbia,56644997400,,MEDI (4); PSYC (1),
120,Correia,Shauna,The University of British Columbia,56611553100,,MEDI (15); BIOC (2),
121,Coupland,Jason,,,,,no authors found with criteria
122,Cox,Darcy,The University of British Columbia,35474734500,,MEDI (12); PSYC (9); NEUR (1),
123,Coxon,Carol,,,,,no authors found with criteria
124,Craig,Ann Marie,Djavad Mowafaghian Centre for Brain Health,7201507943,,NEUR (88); BIOC (78); MEDI (26),
125,Crowell,Timothy A.,The University of British Columbia,6603815296,,PSYC (19); NEUR (8); MEDI (8),
126,Culo,Sandi,The University of British Columbia,14621580400,,MEDI (5); PSYC (1); NURS (1),
127,Darabian,Kaveh,,,,,no authors found with criteria
128,Davis,Lindsay,St. Paul's Hospital,56062721600,,MEDI (1); NEUR (1),
129,de Rappard,Sherry,,,,,no authors found with criteria
130,Degenhardt,Amanda,The University of British Columbia,56471624300,,NEUR (4); MEDI (3); BIOC (2),
131,Derocher,Christopher,,,,,no authors found with criteria
132,Dhaese,Marie-José,,,,,no authors found with criteria
133,Dhaliwal,Kuljit,The University of British Columbia,54683690300,,MEDI (1),
134,Dhariwal,Amrit K.,The University of British Columbia,57209706536,0000-0001-5724-5584,MEDI (10); PSYC (9); SOCI (3),
135,Diamond,Adele,"University of British Columbia, Faculty of Medicine",7102727063,0000-0002-1453-6434,PSYC (78); NEUR (39); MEDI (31),
136,Dimov,Marius,,,,,no authors found with criteria
137,Docherty,Claire,"University of British Columbia, Faculty of Medicine",57720890400,,MEDI (1),
138,Dodd,Lindsay,,,,,no authors found with criteria
139,Dodge,Liam,,,,,no authors found with criteria
140,Donahue,Birgitta,,,,,no authors found with criteria
141,Donaldson,Heather,,,,,no authors found with criteria
142,Dosanjh,Robbie,,,,,no authors found with criteria
143,Douziech,Jeffery R.,BC​ Children​'​​s Hospital,37025894100,,MEDI (4),
144,Douziech,Ingrid,,,,,no authors found with criteria
145,Dowey,Michael,,,,,no authors found with criteria
146,D&amp;apos;Oyley,Heather M.,Vancouver General Hospital,6508016739,,NEUR (2); PHAR (2); MEDI (1),
147,Drabkin,Rodney,,,,,no authors found with criteria
148,Drance,Elisabeth,The University of British Columbia,14424084600,,SOCI (6); MEDI (4); ARTS (3),
149,Driscoll,Miriam,The University of British Columbia,56611493100,,MEDI (19); PSYC (4); BIOC (3),
150,Drouillard,Natalie,The University of British Columbia,55605236300,,MEDI (1),
151,Dua,Vikram,British Columbia Autism Assessment Network,24733684600,,MEDI (7); PSYC (1),
152,Duncalf,Cliff,,,,,no authors found with criteria
153,Dunn,Patrice M.,The University of British Columbia,7401710339,,MEDI (1),
154,Duru,Doris,,,,,no authors found with criteria
155,Ebenstiner,Janice,,,,,no authors found with criteria
156,Edalati,Kourosh,BC Children's Hospital Research Institute,35169140500,,MEDI (2),
157,Edirmanasinghe,Dimitri,,,,,no authors found with criteria
158,Edwards,Katherine R.,The University of British Columbia,7402956237,,MEDI (7); NEUR (5); PHAR (4),
159,Eksteen,Hendri-Charl,,,,,no authors found with criteria
160,Elefante,Raymond Julius Obena,,,,,no authors found with criteria
161,Elfers,Theo,,,,,no authors found with criteria
162,Elliott,Katherine P.,The University of British Columbia,56124508300,,PSYC (5); MEDI (4); ARTS (1),
163,Emes,Craig,,,,,no authors found with criteria
164,Erickson,Dave,,,,,no authors found with criteria
165,Esau,Steven,,,,,no authors found with criteria
166,Eslami,Ali,BC​ Children​'​​s Hospital,57196115091,,MEDI (12); MATH (1); COMP (1),
167,Esmaili,Haydeh,,,,,no authors found with criteria
168,Eswar,Shruthi,,,,,no authors found with criteria
169,Evans,Anush,"University of British Columbia, Faculty of Medicine",58465847500,,MEDI (3),
170,Fabriel-Leclerc,Christin,,,,,no authors found with criteria
171,Fadeyi,Oludare,,,,,no authors found with criteria
172,Fahy,Mellisa J.,UBC Hospital,7007123330,,MEDI (6); BIOC (2),
173,Fantus,Claire,,,,,no authors found with criteria
174,Faraz,Muniba,,,,,no authors found with criteria
175,Fedoroff,Ingrid C.,"University of British Columbia, Faculty of Medicine",6603312534,,MEDI (18); PSYC (10); NEUR (8),
176,Fennemore,Marie,"St. Paul's Hospital, Vancouver",57195972769,,MEDI (3); PSYC (2); ARTS (1),
177,Ferguson,Gisele,,,,,no authors found with criteria
178,Fernando,Nadeesha,The University of British Columbia,9242836600,,MEDI (1),
179,Fibiger,Hans Christian,The University of British Columbia,35478938200,,NEUR (534); PHAR (273); BIOC (258),
180,Fine,Stuart H.,The University of British Columbia,7102143837,,MEDI (54); PSYC (36); NEUR (4),
181,Flannigan,Stacy,,,,,no authors found with criteria
182,Flynn,Sean W.,The University of British Columbia,7007046066,,MEDI (31); NEUR (21); PSYC (10),
183,Forbes,Ian,Vancouver General Hospital,23059901400,,NEUR (3); PSYC (1); MEDI (1),
184,Fox,Joel,The University of British Columbia,57198663486,,MEDI (3); BIOC (1),
185,Frangou,Sophia,"University of British Columbia, Faculty of Medicine",7004549374,,MEDI (411); NEUR (222); PSYC (69),
186,Frankland,Allan,,,,,no authors found with criteria
187,Fredrikson,Diane Helen,,,,,no authors found with criteria
188,Freedman,Glen,The University of British Columbia,15044222600,,PSYC (2),
189,French,Kelly,,,,,no authors found with criteria
190,Frew,Patricia,,,,,no authors found with criteria
191,Friesen,Wesley Howard,,,,,no authors found with criteria
192,Frizen,Oxana,,,,,no authors found with criteria
193,Froese,Colleen L.,The University of British Columbia,6602314982,,CHEM (3); MEDI (3); MATE (2),
194,Frolic,Natasha,,,,,no authors found with criteria
195,Fulton,Heather,,,,,no authors found with criteria
196,Fung,Kathryn,The University of British Columbia,57211860093,,MEDI (2); SOCI (2),
197,Fung,Jonathan,The University of British Columbia,7203073310,,MEDI (3); PSYC (2); AGRI (1),
198,Furigay,Yvetta,,,,,no authors found with criteria
199,Furlong,Allan,,,,,no authors found with criteria
200,Gamble,Allison,The University of British Columbia,57192556775,,SOCI (1); MEDI (1),
201,Gambouras,Adam,,,,,no authors found with criteria
202,Gandham,Natasha,,,,,no authors found with criteria
203,Gannon,Shivaun Rose,,,,,no authors found with criteria
204,Gansner,Melissa,,,,,no authors found with criteria
205,Garbett,Sally,,,,,no authors found with criteria
206,Geizer,Marie,,,,,no authors found with criteria
207,Geller,Josie,The University of British Columbia,36004382200,,MEDI (96); PSYC (65); NURS (17),
208,Genge,Margot,,,,,no authors found with criteria
209,Gilks,Thea,The University of British Columbia,57201668645,,PHAR (1); MEDI (1); ENVI (1),
210,Gill,Jitender,,,,,no authors found with criteria
211,Gill,Nadia,,,,,no authors found with criteria
212,Gill,Sharleen,,,,,no authors found with criteria
213,Gillespie,Ian A.,"University of British Columbia, Faculty of Medicine",36544823500,,MEDI (5); HEAL (1),
214,Gourdeau,Julie,,,,,no authors found with criteria
215,Grech,Theresa,,,,,no authors found with criteria
216,Greenaway,Masa'il,BC Children's Hospital,35169418800,,MEDI (2),
217,Gregoryanz,Tatiana,,,,,no authors found with criteria
218,Gregson,Alison,,,,,no authors found with criteria
219,Griffiths,Brenda Lee,,,,,no authors found with criteria
220,Grimminck,Rachel,,,,,no authors found with criteria
221,Grishin,Nataliya,,,,,no authors found with criteria
222,Gutteridge,Ursula,,,,,no authors found with criteria
223,Habibi,Mehrdad,,,,,no authors found with criteria
224,Haddon,Craig,,,,,no authors found with criteria
225,Hadjipavlou,George Alexander,,,,,no authors found with criteria
226,Halischuk,Grant,,,,,no authors found with criteria
227,Hallam,Elisabeth,,,,,no authors found with criteria
228,Halli,Priyanka S.,"University of British Columbia, Faculty of Medicine",26429281700,,MEDI (20); PSYC (3); MULT (1),
229,Hameer,Faiza,,,,,no authors found with criteria
230,Hanon,Neil,,,,,no authors found with criteria
231,Haque,Zia-Ui,,,,,no authors found with criteria
232,Haque,Farhan,,,,,no authors found with criteria
233,Haring,Michelle,The University of British Columbia,7006162504,,SOCI (4); PSYC (2),
234,Harrison,Richard L.,The University of British Columbia,7403907599,,PSYC (4); MEDI (3); BUSI (1),
235,Harvey,Layne Joseph,,,,,no authors found with criteria
236,Hassan,Islam,The University of British Columbia,55539363500,,MEDI (20); NEUR (6),
237,Hathaway,Lorraine,,,,,no authors found with criteria
238,Heilbrunn,David,,,,,no authors found with criteria
239,Henriques,Emilia,,,,,no authors found with criteria
240,Hewapathirane,Daminda,,,,,no authors found with criteria
241,Hinkle,Molli,,,,,no authors found with criteria
242,Ho,Charles,"University of British Columbia, Faculty of Medicine",57215122810,,MEDI (1); SOCI (1),
243,Holdsworth,Rosalynd,,,,,no authors found with criteria
244,Holland Biggs,Karen,,,,,no authors found with criteria
245,Honer,William G.,"University of British Columbia, Faculty of Medicine",7004460814,0000-0002-7628-5108,MEDI (664); NEUR (364); PSYC (113),
246,Hong,Kyung Sue,The University of British Columbia,26655604800,0000-0002-1250-6151,MEDI (111); NEUR (44); PSYC (17),
247,Hope,Kim,,,,,no authors found with criteria
248,Howard,Andrew K.,"University of British Columbia, Faculty of Medicine",34770101000,,MEDI (29); NEUR (8); PSYC (5),
249,Howell-Jones,Gail,The University of British Columbia,6507383072,,PSYC (1),
250,Howson,Anne L.,Vancouver General Hospital,36871808100,,NEUR (1); MEDI (1),
251,Hui,Jacqueline C.W.,,,,,no authors found with criteria
252,Hurst-Martin,Victoria,,,,,no authors found with criteria
253,Hutnyk,David,,,,,no authors found with criteria
254,Ignaszewski,Martha J.,Vancouver General Hospital,53865053900,,MEDI (20); PSYC (2); PHAR (2),
255,Ilcewicz-Klimek,Magdalena I.,Vancouver General Hospital,54966762100,,MEDI (7); NEUR (1),
256,Illing,Martin,The University of British Columbia,26040773700,,MEDI (1),
257,Inglis,Angela J.,"University of British Columbia, Faculty of Medicine",54684116800,,MEDI (39); BIOC (9); MULT (1),
258,Irwin,David A.J.,,,,,no authors found with criteria
259,Ishkanian,Ryan,,,,,no authors found with criteria
260,Jagdeo,Arun,The University of British Columbia,57199353619,,MEDI (1),
261,Jakovljevic,Ivana,,,,,no authors found with criteria
262,Jang,Kerry L.,"University of British Columbia, Faculty of Medicine",7201796278,,MEDI (210); PSYC (98); NEUR (29),
263,Janke,Paul,,,,,no authors found with criteria
264,Jee,Pamela,,,,,no authors found with criteria
265,Jenkins,Toyin,,,,,no authors found with criteria
266,Jewett,Ashley,,,,,no authors found with criteria
267,Jia,Lingsa,"University of British Columbia, Faculty of Medicine",57214891367,,MEDI (5),
268,Jitlina,Ekaterina,,,,,no authors found with criteria
269,Jiwa,Abdulkarim,,,,,no authors found with criteria
270,Jokic,Iva,,,,,no authors found with criteria
271,Joshi,Hemlata,,,,,no authors found with criteria
272,Jukes,Tara,BC​ Children​'​​s Hospital,57908816200,,PSYC (1); BIOC (1); MEDI (1),
273,Junaid,Sara,,,,,no authors found with criteria
274,Kaicker,Navin,,,,,no authors found with criteria
275,Kalenchuk,Anna Lynn,,,,,no authors found with criteria
276,Kanagarajan,Padmavathy,,,,,no authors found with criteria
277,Kandasamysomasundaram,Parthasarathy,,,,,no authors found with criteria
278,Kang,Gurmit,,,,,no authors found with criteria
279,Karakoc,Anastasia,,,,,no authors found with criteria
280,Karapareddy,Venugopal,,,,,no authors found with criteria
281,Katta,Balaraju,,,,,no authors found with criteria
282,Kaye,Valerie,,,,,no authors found with criteria
283,Kealy,David,"University of British Columbia, Faculty of Medicine",36022490700,0000-0002-3679-6085,MEDI (237); PSYC (125); SOCI (30),
284,Kegel,Sheila,,,,,no authors found with criteria
285,Kennedy,Andrea L.,"University of British Columbia, Faculty of Medicine",57221478702,,MEDI (3),
286,Kennedy,Christine M.,The University of British Columbia,56021008700,,MEDI (2),
287,Kennedy,Kristine Alexandra,,,,,no authors found with criteria
288,Keramatian,Kamyar,Coastal Early Psychosis Intervention Program,14060234300,,MEDI (48); NEUR (14); PSYC (4),
289,Khan,Mohammad,The University of British Columbia,13310326200,,MEDI (9); IMMU (2); ENVI (1),
290,Khanbhai,Irfan,Vancouver General Hospital,6507391421,,MEDI (3); NEUR (1); PSYC (1),
291,Khosa,Buldip,,,,,no authors found with criteria
292,Killough,Russet,,,,,no authors found with criteria
293,Klein,Carolin,West Coast Centre for Sex Therapy,11440768800,,MEDI (28); SOCI (10); PSYC (9),
294,Knebel,Ryan,,,,,no authors found with criteria
295,Kobiljski,Jasmina,The University of British Columbia,16042328100,,BIOC (2),
296,Koczapski,Andrzej B.,The University of British Columbia,6602154141,,MEDI (16); NEUR (5); PSYC (2),
297,Kolchak,Andriy,,,,,no authors found with criteria
298,Kolisang,Mohau,,,,,no authors found with criteria
299,Koo,Anson,,,,,no authors found with criteria
300,Kope,Terry M.,The University of British Columbia,6506567676,,MEDI (5); PSYC (2),
301,Koritar,Endre Laszlo,,,,,no authors found with criteria
302,Korkuczanska,Svetlana,,,,,no authors found with criteria
303,Korman,Lorne M.,The University of British Columbia,23111139300,,PSYC (8); MEDI (3),
304,Korn,Miriam,,,,,no authors found with criteria
305,Kosaka,Brenda Dale,,,,,no authors found with criteria
306,Kot,Sarina,BC Children's Hospital,35114998500,,PSYC (1); HEAL (1),
307,Krausz,Michael R.,"University of British Columbia, Faculty of Medicine",57195119591,,MEDI (401); PSYC (75); NEUR (40),
308,Krawchuk,Jayson,,,,,no authors found with criteria
309,Krell,Robert,The University of British Columbia,56968821100,,MEDI (32); PSYC (18); SOCI (7),
310,Krishnamoorthy,Ashok,The University of British Columbia,56800162200,,MEDI (12); NURS (3); SOCI (1),
311,Kundi,Pardeep Singh,Vancouver General Hospital,57222073684,,MEDI (1),
312,Kunkel,Lucinda,BC Mental Health and Substance Use Services,56579883700,,MEDI (1); PSYC (1),
313,Laban,Premakanthie,,,,,no authors found with criteria
314,Lacroix,Robert,,,,,no authors found with criteria
315,Lafleur,Daniel L.,The University of British Columbia,6701721002,,AGRI (2); PSYC (2); MEDI (2),
316,Lai,Constantine,,,,,no authors found with criteria
317,Laidlaw,Jennifer,The University of British Columbia,57185252300,,MEDI (4); SOCI (1); COMP (1),
318,Lalani,Roberta,,,,,no authors found with criteria
319,Lam,Raymond W.,The University of British Columbia,21742966400,0000-0001-7142-4669,MEDI (686); NEUR (198); PSYC (130),
320,Lamba,Rakesh,,,,,no authors found with criteria
321,Lament,Richard,The University of British Columbia,57191807707,,PHAR (1); MEDI (1),
322,Lane,Carol J.,The University of British Columbia,7101975482,,MEDI (9); NEUR (6); PHAR (2),
323,Langheimer,Verena,"University of British Columbia, Faculty of Medicine",56841650700,,MEDI (3); MULT (1),
324,Langill,Michelle,,,,,no authors found with criteria
325,Lau,Mark A.,The University of British Columbia,7102344927,,PSYC (38); MEDI (25); SOCI (3),
326,Lee,Jerome,,,,,no authors found with criteria
327,Lee,Harrison J.,"University of British Columbia, Faculty of Medicine",58412531300,,MEDI (1); PSYC (1),
328,Lee,Hella,,,,,no authors found with criteria
329,Lee,Danny S.,The University of British Columbia,57218697032,,MEDI (1),
330,Leising,Julie,The University of British Columbia,57222409019,,MEDI (4),
331,Leong,Kawai,Vancouver General Hospital,55965472400,,MEDI (6); NEUR (2),
332,Leung,Alexander Leigh-Yin,,,,,no authors found with criteria
333,Leung,Aldrich,The University of British Columbia,57191493038,,MEDI (2); PSYC (1),
334,Levin,Alexander,Vancouver General Hospital,53869151200,,PSYC (2); MEDI (1),
335,Levy,J Mark,,,,,no authors found with criteria
336,Li,Jennifer,Vancouver General Hospital,57226297694,,MEDI (2),
337,Lilla,Mogamad Nizaar,,,,,no authors found with criteria
338,Lilley,Christine M.,Compass Clinic,36849972100,,MEDI (15); NEUR (2); PSYC (1),
339,Lin,Daniel,Foundry,57207255642,,PSYC (2); MEDI (2),
340,Liu,Cindy,The University of British Columbia,57210800001,,SOCI (3); MEDI (2); NURS (1),
341,Livesley,W. John,The University of British Columbia,7006261608,,MEDI (159); PSYC (117); NEUR (24),
342,Lo,Theresa,,,,,no authors found with criteria
343,Locke,Bradley,,,,,no authors found with criteria
344,Lockhart,Olivia,,,,,no authors found with criteria
345,Loewen,Karen,,,,,no authors found with criteria
346,Louw,Johannes,,,,,no authors found with criteria
347,Luckhurst,Jessica,,,,,no authors found with criteria
348,Ludgate,Sacha,,,,,no authors found with criteria
349,Ma,Annie,The University of British Columbia,57203804174,,PSYC (2); MEDI (1),
350,MacBeath,Lyn,,,,,no authors found with criteria
351,Macfadden,Megan,BC​ Children​'​​s Hospital,57445597700,,MEDI (1),
352,MacInnes,Leah,,,,,no authors found with criteria
353,MacVicar,Brian Archibald,Djavad Mowafaghian Centre for Brain Health,7006717711,0000-0003-4596-4623,NEUR (168); BIOC (96); MEDI (82),
354,Mah,Janet W.T.,BC​ Children​'​​s Hospital,16417405100,0000-0001-7706-6890,MEDI (14); PSYC (13); SOCI (4),
355,Mahal,Daljeet,"University of British Columbia, Faculty of Medicine",56104205700,,MEDI (2); PSYC (1),
356,Malomo,Oluseyi,,,,,no authors found with criteria
357,Manjunath,Chinnapalli Veeraiah,,,,,no authors found with criteria
358,Mansoor,Soudeh,Vancouver General Hospital,55319931600,,MEDI (2); BIOC (1),
359,Marshall,Jeanine Celeste,,,,,no authors found with criteria
360,Martin,Nicole,The University of British Columbia,55780320000,,MEDI (2); NEUR (1),
361,Maskall,Doug,,,,,no authors found with criteria
362,Mathew,Nickie,Vancouver General Hospital,57209761500,,MEDI (37); PSYC (5); NURS (4),
363,Mathias,Steve M.,Foundry,14052613700,,MEDI (79); NURS (8); SOCI (6),
364,Matos,Meghan,,,,,no authors found with criteria
365,McConnell,Melanie C.,The University of British Columbia,57220525089,,PSYC (2); MEDI (1); NEUR (1),
366,McDermid,Joanna,The University of British Columbia,56533500400,,MEDI (3); PSYC (1),
367,McDermit,Dale,,,,,no authors found with criteria
368,McDonald,Patrick J.,The University of British Columbia,9943286500,,MEDI (210); NEUR (40); BIOC (6),
369,McFadden,Connor,,,,,no authors found with criteria
370,McGarvey,Kathleen A.,The University of British Columbia,6602697028,,MEDI (8); BIOC (4); NEUR (2),
371,McGeer,Edith G.,The University of British Columbia,35454223400,,NEUR (338); MEDI (247); BIOC (235),
372,McIntosh,Diane,Tellus,16245801200,,MEDI (31); PHAR (3); NEUR (3),
373,McKay,Joanna,,,,,no authors found with criteria
374,McMillan,Janette,The University of British Columbia,57197990761,,MEDI (1),
375,Megahed Gheis,Mohamed,,,,,no authors found with criteria
376,Mehra,Atul,,,,,no authors found with criteria
377,Meldrum,Lee Anne,,,,,no authors found with criteria
378,Mendoza,Valentina,The University of British Columbia,7004437254,,MEDI (2),
379,Menon,Mahesh,"University of British Columbia, Faculty of Medicine",9637177400,,MEDI (106); NEUR (53); PSYC (27),
380,Mestelman,Bryan,,,,,no authors found with criteria
381,Michalak,Erin E.,"University of British Columbia, Faculty of Medicine",7006410152,,MEDI (212); PSYC (51); NEUR (35),
382,Miki,Nancy Patricia Hana,,,,,no authors found with criteria
383,Millar,Grant,,,,,no authors found with criteria
384,Minnes,Yoram,,,,,no authors found with criteria
385,Minnings,Atlantis,,,,,no authors found with criteria
386,Miranda,Charmaine A.,The University of British Columbia,22634815700,,MEDI (2); BIOC (1),
387,Miremadi,Saman,Vancouver General Hospital,36776440700,,MEDI (3),
388,Mirmiran,Jamaluddin,,,,,no authors found with criteria
389,Misri,Nicholas,,,,,no authors found with criteria
390,Mithani,Akber,"University of British Columbia, Faculty of Medicine",22035440500,,MEDI (6); NURS (2); DENT (1),
391,Molgat,Carmen V.,"University of British Columbia, Faculty of Medicine",12040705800,,MEDI (4); PSYC (2); NEUR (2),
392,Moniwa,Emiko,,,,,no authors found with criteria
393,Montalbetti,David J.,The University of British Columbia,6507044801,,MEDI (2),
394,More,Susan,,,,,no authors found with criteria
395,Moretti,Jessica,,,,,no authors found with criteria
396,Morris,Emily M.,"University of British Columbia, Faculty of Medicine",56768908600,,MEDI (55); BIOC (9); MULT (1),
397,Murley,Nolan,,,,,no authors found with criteria
398,Murphy,Timothy H.,"University of British Columbia, Faculty of Medicine",7401632487,0000-0002-0093-4490,NEUR (184); BIOC (112); MEDI (107),
399,Murray,Candice,BC​ Children​'​​s Hospital,7402491720,,PSYC (14); MEDI (7); NEUR (2),
400,Musacchio,Mafalda,,,,,no authors found with criteria
401,Na,Jennifer Jiwon,The University of British Columbia,56091092700,,PSYC (12); MEDI (9); SOCI (4),
402,Naccarato,Saverio,,,,,no authors found with criteria
403,Naidoo,Smita,,,,,no authors found with criteria
404,Narang,Paminder,,,,,no authors found with criteria
405,Narang,Satinder,,,,,no authors found with criteria
406,Nazif,Anna,,,,,no authors found with criteria
407,Neelakant,Harish,,,,,no authors found with criteria
408,Nerenberg,Lucila,The University of British Columbia,57214934599,,MEDI (1),
409,Neufeld,Andrew,,,,,no authors found with criteria
410,Ngan,Elton T.C.,The University of British Columbia,6603918292,,NEUR (39); MEDI (27); PSYC (12),
411,Nicholls,Tonia Lee,,,,,no authors found with criteria
412,Northcott,Colleen J.,The University of British Columbia,6603126420,,MEDI (11); SOCI (2); NEUR (2),
413,Nunez,Carlos,The University of British Columbia,57200697785,,MEDI (2),
414,Ocana,Michael,,,,,no authors found with criteria
415,Ogrodniczuk,John S.,The University of British Columbia,7003941225,,MEDI (319); PSYC (200); SOCI (53),
416,Ohiaeri,Onyema,,,,,no authors found with criteria
417,Ohiaeri,Chinweoke,,,,,no authors found with criteria
418,O'Neill,Ryan,The University of British Columbia,57211911054,,MEDI (1),
419,Ono,Erika,The University of British Columbia,57208317891,,MEDI (1),
420,Orujy Jukar,Taiebeh,,,,,no authors found with criteria
421,Oswald,Tyler,,,,,no authors found with criteria
422,Otasowie,Aiwuyo,,,,,no authors found with criteria
423,Panenka,William J.,The University of British Columbia,55305981100,0000-0001-7143-6512,MEDI (143); NEUR (31); PSYC (23),
424,Parmar,Varinderjit,,,,,no authors found with criteria
425,Passmore,Michael J.,Providence Health Care Canada,8558956500,,MEDI (21); NEUR (12); PSYC (7),
426,Patrick,Lance,,,,,no authors found with criteria
427,Pattison,Mark,,,,,no authors found with criteria
428,Patton,Sheila W.,St. Paul's Hospital,7102203866,,MEDI (3),
429,Paulsen,Eric,,,,,no authors found with criteria
430,Pavlidis,Paul,Michael Smith Laboratories,7004159655,0000-0002-0426-5028,BIOC (160); MEDI (115); NEUR (60),
431,Penner,Erika K.,BC​ Children​'​​s Hospital,36620567700,0000-0002-3347-702X,MEDI (8); SOCI (4); PSYC (3),
432,Penner,Courtney,,,,,no authors found with criteria
433,Perel-Panar,Carina,The University of British Columbia,57190869718,,MEDI (3),
434,Persaud,Rainer,The University of British Columbia,57156090400,,MEDI (1); NEUR (1),
435,Phaterpekar,Hem,,,,,no authors found with criteria
436,Phillips,Anthony G.,"University of British Columbia, Faculty of Medicine",7401658611,,NEUR (322); PHAR (160); BIOC (140),
437,Pipher,Bruce,,,,,no authors found with criteria
438,Pitcher,Amanda,,,,,no authors found with criteria
439,Poitras,Susan,BC Women’s Hospital + Health Centre,57972471900,,MEDI (1); NURS (1),
440,Poyner-Del Vento,Patrick,,,,,no authors found with criteria
441,Prenger,Jeremy L,,,,,no authors found with criteria
442,Price,Kelly J.,The University of British Columbia,7201789498,0000-0003-0371-5100,PSYC (7); MEDI (4),
443,Prystawa,Barbara,,,,,no authors found with criteria
444,Pullmer,Lewis,,,,,no authors found with criteria
445,Raina,Raj,,,,,no authors found with criteria
446,Ramirez,Saby,,,,,no authors found with criteria
447,Ramperti,Nicolas,,,,,no authors found with criteria
448,Randhawa,Ramandeep S.,UBC Hospital,55524284000,,PSYC (2),
449,Rasool Javaheri,Khodadad,,,,,no authors found with criteria
450,Ratti,Paul,,,,,no authors found with criteria
451,Raudzus,Julia,"St. Paul's Hospital, Vancouver",25926621500,,MEDI (8); PSYC (1),
452,Raymond,Lynn A.,Djavad Mowafaghian Centre for Brain Health,7102737545,,NEUR (116); BIOC (101); MEDI (93),
453,Reinbold,Siri,,,,,no authors found with criteria
454,Reiner,Ethan,The University of British Columbia,56226477000,,IMMU (6); MEDI (3),
455,Reiner,Peter B.,The University of British Columbia,7006024841,,NEUR (100); MEDI (40); BIOC (32),
456,Azar,Pouya,Vancouver General Hospital,56606982500,,MEDI (42); PSYC (8); NURS (3),
457,Richford,Carole M.,The University of British Columbia,55389964900,,PHAR (1),
458,Riou,Kylie,,,,,no authors found with criteria
459,Rizzardo,Tyson,,,,,no authors found with criteria
460,Robertson,Heather A.,Vancouver General Hospital,26536697200,,NEUR (16); MEDI (16); PSYC (6),
461,Robichaud,Melisa,The University of British Columbia,6701686589,,PSYC (19); MEDI (9); ARTS (1),
462,Robinson-Anagor,Jason,,,,,no authors found with criteria
463,Rogers,Jenny,The University of British Columbia,56896309600,,MEDI (2),
464,Rose,Riley,,,,,no authors found with criteria
465,Rosenauer,Helen,,,,,no authors found with criteria
466,Roth,Victoria,,,,,no authors found with criteria
467,Rothbart,Rachel,The University of British Columbia,56163378500,,MEDI (5); PHAR (1),
468,Routledge,Robin,,,,,no authors found with criteria
469,Roy,Chunilal,,,,,no authors found with criteria
470,Rozylo,Jennifer,The University of British Columbia,57215298733,,MEDI (2),
471,Rusak,Anysia,,,,,no authors found with criteria
472,Russel,Jennifer,BC Children's Hospital,57194198180,,MEDI (3); NURS (1),
473,Rutherford,Patricia,,,,,no authors found with criteria
474,Ryan,Deirdre T.,The University of British Columbia,16736851400,,MEDI (38); PSYC (4); NURS (3),
475,Ryan,Jane,The University of British Columbia,57213570991,,NEUR (3); BIOC (3); MEDI (2),
476,Saari,Carol Ann,The University of British Columbia,6603390537,,IMMU (1),
477,Sadrehashemi,Ladan,,,,,no authors found with criteria
478,Salih,Tamara,The University of British Columbia,57208316005,,MEDI (2); PSYC (1),
479,Saran,Kelly,The University of British Columbia,56418275000,,MEDI (4); PSYC (1),
480,Sassi,Roberto Britto,"University of British Columbia, Faculty of Medicine",7003544009,0000-0001-8862-0930,MEDI (118); NEUR (65); PSYC (48),
481,Sayyaparaju,Kiran,,,,,no authors found with criteria
482,Scamvougeras,Anton,The University of British Columbia,6507091183,,MEDI (10); PSYC (5); NEUR (2),
483,Schacher,Candice,,,,,no authors found with criteria
484,Schaffer,Nathan,,,,,no authors found with criteria
485,Schenk,Christian Hans,,,,,no authors found with criteria
486,Schlamp,William G,,,,,no authors found with criteria
487,Scholtens,Martina,Médecin de famille à la Bridge Refugee Clinic à Vancouver (C.-B.) pendant 12 ans et elle termine actuellement une formation additionnelle sur la santé publique et la médecine préventive à l'Université de la Colombie-Britannique,6506939559,,MEDI (2),
488,Schovanek,Stefan,,,,,no authors found with criteria
489,Schütz,Christian G. G.,The University of British Columbia,7006895707,,MEDI (178); PSYC (25); PHAR (22),
490,Schultz,Krista,"University of British Columbia, Faculty of Medicine",56841227000,,MEDI (5); NEUR (2),
491,Schuster,Lidia,,,,,no authors found with criteria
492,Seamans,Jeremy Keith,Djavad Mowafaghian Centre for Brain Health,7003907622,,NEUR (76); BIOC (22); MEDI (21),
493,Seethapathy,Vijayakumar,,,,,no authors found with criteria
494,Segal,Barry Michael,,,,,no authors found with criteria
495,Sehrbrock,Joachim,The University of British Columbia,57217292942,,MEDI (2); PSYC (2),
496,Sekhon,Rose,,,,,no authors found with criteria
497,Selles,Robert R.,"University of British Columbia, Faculty of Medicine",55207578400,0000-0002-4061-6147,MEDI (64); PSYC (29); NEUR (4),
498,Selvaraj,Madhavan,,,,,no authors found with criteria
499,Sethi,Berjinder,,,,,no authors found with criteria
500,Setton-Markus,Judith,,,,,no authors found with criteria
501,Shabbits,Michael,,,,,no authors found with criteria
502,Shakeri,Anyssa,,,,,no authors found with criteria
503,Sharan,Richa,,,,,no authors found with criteria
504,Sheldon,Leslie James,,,,,no authors found with criteria
505,Sherazi,Syed Abdul Rafay,,,,,no authors found with criteria
506,Sherwood,Megan,The University of British Columbia,36743693400,,MEDI (5); NEUR (4); PSYC (3),
507,Shetty,Maithili,,,,,no authors found with criteria
508,Shoja,Sheila,,,,,no authors found with criteria
509,Shulman,Barbara,"University of British Columbia, Faculty of Medicine",15770130600,,MEDI (7); PSYC (1),
510,Shurshilova,Elena,,,,,no authors found with criteria
511,Sidhu,Kanwar Ajit,,,,,no authors found with criteria
512,Sidhu,Fulroop Kaur,,,,,no authors found with criteria
513,Sidhu,Jesse A.,The University of British Columbia,57221512425,,MEDI (6); PSYC (2); NEUR (1),
514,Sinai,Joanne,The University of British Columbia,57748774300,,MEDI (8); HEAL (1); PHAR (1),
515,Singh,Kulbir I.,Vancouver General Hospital,57213995165,,MEDI (2),
516,Singh,Gunpreet,,,,,no authors found with criteria
517,Singh,Pulkit,The University of British Columbia,57194687130,,MEDI (2),
518,Slater,Jennifer,,,,,no authors found with criteria
519,Slomp,Caitlin,The University of British Columbia,57200679051,,MEDI (28); BIOC (3); MULT (1),
520,Smit,Martina,,,,,no authors found with criteria
521,Smith,Erin K.,The University of British Columbia,57194940998,,MEDI (3),
522,Smith,David F.,BC​ Children​'​​s Hospital,55553732235,,MEDI (5),
523,Smith,Karolina,,,,,no authors found with criteria
524,Smith,Kevin,"St. Paul's Hospital, Vancouver",57224141663,,MEDI (2),
525,Sodipo,Temitayo,,,,,no authors found with criteria
526,Sojat,Alexander,,,,,no authors found with criteria
527,Solomons,Kevin,The University of British Columbia,6701822044,,MEDI (17); PSYC (5); NEUR (2),
528,Soma,Rahul,The University of British Columbia,22952080700,,MEDI (1),
529,Son,Gyung Won,,,,,no authors found with criteria
530,Song,Weihong,The University of British Columbia,7401655359,0000-0001-9928-889X,MEDI (172); BIOC (170); NEUR (124),
531,Srikameswaran,Sujatha,,,,,no authors found with criteria
532,Srivastava,Raman,"University of British Columbia, Faculty of Medicine",56602199200,,MEDI (11); NURS (1); SOCI (1),
533,Stanford,Elizabeth A.,BC​ Children​'​​s Hospital,8930049200,,MEDI (14); NEUR (8); PSYC (6),
534,Stephen,Petra,,,,,no authors found with criteria
535,Stevenson,Ronald W.D.,The University of British Columbia,7402603331,,MEDI (10); PSYC (2); PHAR (1),
536,Stewart,S. Evelyn,Children's and Women's Health Centre of British Columbia,54414801200,0000-0002-0994-6383,MEDI (223); PSYC (59); NEUR (37),
537,Steyn,Janus,,,,,no authors found with criteria
538,Stingu-Baxter,Miroslava,,,,,no authors found with criteria
539,Sun,Warren D,,,,,no authors found with criteria
540,Superstein-Raber,Lynn,,,,,no authors found with criteria
541,Szasz,George,UBC Hospital,7102044594,,MEDI (17); PSYC (6); BIOC (2),
542,Szumilas,Magdalena,,,,,no authors found with criteria
543,Tam,Edwin M.,The University of British Columbia,7005275683,,MEDI (43); PSYC (19); NEUR (18),
544,Tarzwell,Robert,"University of British Columbia, Faculty of Medicine",8839388900,,MEDI (22); NEUR (5); PSYC (4),
545,Tavares,John,,,,,no authors found with criteria
546,Taylor,Christine G.,St. Paul's Hospital,7404823774,,NEUR (3); MEDI (1); PSYC (1),
547,Taylor,Steven,"University of British Columbia, Faculty of Medicine",55628531401,,PSYC (271); MEDI (228); NEUR (27),
548,Telio,Summer,The University of British Columbia,55760632800,,MEDI (4); SOCI (2),
549,Tesler-Mabe,Carlos,,,,,no authors found with criteria
550,Tham,Joseph Chun Wearn,"University of British Columbia, Faculty of Medicine",56062535000,,MEDI (20); NEUR (7); PSYC (1),
551,Thibeault,Amy,,,,,no authors found with criteria
552,Thompson,Darren,The University of British Columbia,57203922653,,MEDI (1),
553,Thomson,Katharine,The University of British Columbia,57190261926,,SOCI (4); MEDI (2),
554,Thorpe,Marilyn,The University of British Columbia,57194687339,,MEDI (2),
555,To,Sharon,BC​ Children​'​​s Hospital,55918153300,,MEDI (20); IMMU (6); PSYC (5),
556,To,Agnes Shuk Ling,,,,,no authors found with criteria
557,To,Ai Van Shelly,,,,,no authors found with criteria
558,Tomita,Todd,Broadway Forensic Group,55911484000,,MEDI (7),
559,Torbicki,Karl,St. Paul's Hospital,15520232700,,MEDI (4); IMMU (1),
560,Trueman,Karen,,,,,no authors found with criteria
561,Tsang,Nicole,The University of British Columbia,22836661200,,MEDI (2),
562,Tuka,Andrea,,,,,no authors found with criteria
563,Udumaga,Ejike,,,,,no authors found with criteria
564,Uppal,Sonia,,,,,no authors found with criteria
565,Uppal,Loveleen,,,,,no authors found with criteria
566,Vallabh,Pravesh,,,,,no authors found with criteria
567,Vallance,Maelor,,,,,no authors found with criteria
568,van den Engh Cook,Michelle,,,,,no authors found with criteria
569,Vanderwal,Tamara,"University of British Columbia, Faculty of Medicine",24177629100,,MEDI (34); NEUR (22); PSYC (10),
570,Varnals,Tyler,,,,,no authors found with criteria
571,Vassar,Elizabeth,,,,,no authors found with criteria
572,Vaughan,Mariko,"University of British Columbia, Faculty of Medicine",39162181700,,NEUR (3); MEDI (3),
573,Vella-Zarb,Rachel,,,,,no authors found with criteria
574,Vidal Peralta,Bertha,,,,,no authors found with criteria
575,Vigo,Daniel V.,"University of British Columbia, Faculty of Medicine",26538354800,0000-0002-4445-4122,MEDI (96); PSYC (13); NEUR (7),
576,Vik,Astrid,The University of British Columbia,58398155200,,MEDI (3); NEUR (2),
577,Vila-Rodriguez,Fidel,The University of British Columbia,24279161600,0000-0002-8273-8820,MEDI (265); NEUR (77); PSYC (34),
578,Vincent,Steven R.,"University of British Columbia, Faculty of Medicine",7202465328,,NEUR (121); BIOC (90); MEDI (38),
579,Vincent,Merville,,,,,no authors found with criteria
580,Voutsilakos,Emorphea,,,,,no authors found with criteria
581,Wald,Jaye L.,The University of British Columbia,7006071216,,PSYC (21); MEDI (18); HEAL (3),
582,Waller,Michelle,,,,,no authors found with criteria
583,Walsh,Coleen,,,,,no authors found with criteria
584,Walton,Georgia,The University of British Columbia,57220485135,,SOCI (1); PSYC (1); MEDI (1),
585,Wang,Jay Ching Chieh,"University of British Columbia, Faculty of Medicine",55545804900,,MEDI (29); NEUR (6); PSYC (2),
586,Wang,Peter T.C.,The University of British Columbia,55658418900,,BIOC (4),
587,Wang,Tina Kaiting,The University of British Columbia,57200854195,,BIOC (3),
588,Wanis,Wahan,,,,,no authors found with criteria
589,Ward,Carol,The University of British Columbia,50162634300,,NEUR (1); MEDI (1),
590,Warrya,Gurvinder,,,,,no authors found with criteria
591,Watler,Crosbie,,,,,no authors found with criteria
592,Weideman,Rene,The University of British Columbia,6603343589,,PSYC (10); MEDI (9); HEAL (1),
593,Welgemoed,Marius,,,,,no authors found with criteria
594,Westwell-Roper,Clara Y.,"University of British Columbia, Faculty of Medicine",35340268900,,MEDI (66); BIOC (14); IMMU (6),
595,Whittal,Maureen Leslie,,,,,no authors found with criteria
596,Wicholas,Leslie,The University of British Columbia,56095007600,,MEDI (6),
597,Widajewicz,Witold,,,,,no authors found with criteria
598,Wide,Jennifer K.,The University of British Columbia,6507869938,,NEUR (4); MEDI (1); PSYC (1),
599,Wiebe,Carl,The University of British Columbia,7003779266,,MEDI (1),
600,Wiehahn,George,,,,,no authors found with criteria
601,Wieman,Cornelia,,,,,no authors found with criteria
602,Wiens,Christian,The University of British Columbia,36710823300,,MEDI (3),
603,Wiese,Bonnie Sue,,,,,no authors found with criteria
604,Wiggers,Joris,,,,,no authors found with criteria
605,Wijeyesinghe,Angelo,,,,,no authors found with criteria
606,Williamson,Bradley T.,The University of British Columbia,57189374624,,MEDI (1),
607,Wilt,Frances,,,,,no authors found with criteria
608,Wiseman,Stephen R.,St. Paul's Hospital,36904610600,,MEDI (4); PHAR (1),
609,Witt,Kortney,,,,,no authors found with criteria
610,Woldum,Evan,The University of British Columbia,57210804367,,SOCI (3); MEDI (2); NURS (1),
611,Wolverton,Annie,BC​ Children​'​​s Hospital,35728017000,,MEDI (2),
612,Wong,Gloria,The University of British Columbia,37022195400,,NEUR (1),
613,Wong,Wallace,,,,,no authors found with criteria
614,Wong,Angela,"University of British Columbia, Faculty of Dentistry",58195293500,,MEDI (2); DENT (1); BIOC (1),
615,Wong,Monique,,,,,no authors found with criteria
616,Woo,Sai Ming Simon,,,,,no authors found with criteria
617,Woodward,Todd Stephen,The University of British Columbia,7102848867,0000-0001-8083-0079,MEDI (203); NEUR (133); PSYC (126),
618,Wrixon,Katherine,,,,,no authors found with criteria
619,Wynn,Kathryn,,,,,no authors found with criteria
620,Yamamoto,Aiko,"St. Paul's Hospital, Vancouver",57201999867,,MEDI (6); PSYC (3); NEUR (2),
621,Yashchuk,Olga,,,,,no authors found with criteria
622,Yaxley,David,The University of British Columbia,36244723700,,MEDI (1); PSYC (1),
623,Ye,June,,,,,no authors found with criteria
624,Yeh,Jennifer N.,The University of British Columbia,8937566000,,MEDI (1),
625,Yeung,Anthony,BC Children's Hospital Research Institute,57189684005,,BIOC (1),
626,Yew,Debra,,,,,no authors found with criteria
627,Yoo,Jaeyun,,,,,no authors found with criteria
628,Young,Quincy Robyn,"St. Paul's Hospital, Vancouver",36957602900,,MEDI (24); NURS (5); PSYC (1),
629,Yuen,Gloria Gee-Wing,,,,,no authors found with criteria
630,Yuswack,Timothy,,,,,no authors found with criteria
631,Zaghloul,Emad,,,,,no authors found with criteria
632,Zaitzow,Michael,,,,,no authors found with criteria
633,Zanozin,Dmitrij,,,,,no authors found with criteria
634,Zhang,Paige,The University of British Columbia,57203910791,,MEDI (1),
635,Zhou,Crystal,,,,,no authors found with criteria
636,Zwicker,Amy E.,Vancouver General Hospital,14020816600,,MEDI (3); PSYC (2); NEUR (1),
